{"cameraMode":{"drawMode":0,"name":"Shaded","section":"Shading Mode"},"sceneLighting":false,"audioPlay":false,"sceneViewState":{"m_AlwaysRefresh":false,"showFog":false,"showSkybox":false,"showFlares":false,"showImageEffects":false,"showParticleSystems":false,"showVisualEffectGraphs":true,"m_FxEnabled":true},"in2DMode":false,"pivot":{"x":-0.06811013072729111,"y":1.2652374505996705,"z":-0.794093668460846},"rotation":{"x":-0.0016014546854421497,"y":0.9983422160148621,"z":-0.03976625204086304,"w":-0.04065310209989548},"size":0.753241777420044,"orthographic":false}